<?xml version="1.0" encoding="UTF-8" standalone="no"?><board level="2"><ball x="12" xVelocity="10" y="12" yVelocity="10"/><ball x="13" xVelocity="10" y="13" yVelocity="10"/><cezmi1 score="0" x="5" y="24"/><cezmi2 score="0" x="20" y="24"/><cezeryes><cezerye time="0" x="2" y="2"/></cezeryes><gizmos><squareTakoz x="5" y="7"/><squareTakoz x="22" y="8"/><firildak angle="1.0" x="5" y="12"/><firildak angle="1.0" x="20" y="13"/><leftTokat orientation="0" x="8" y="5"/></gizmos><keys><key1left key="A"/><key1right key="D"/><key2left key="Left"/><key2right key="Right"/><key1lefttokat key="E"/><key1righttokat key="R"/><key2lefttokat key="O"/><key2righttokat key="P"/></keys></board>